{
  "store-output.py": 1775764562.313521,
  "verify-pipeline.py": 1775758139.939174,
  "lead-pipeline.py": 1775765771.3472376,
  "merge-tracker.py": 1775758139.9391532,
  "tests/test_output_store.py": 1775765027.4123197,
  "tests/test_lead_pipeline.py": 1775768407.5226815,
  "tests/test_file_pipeline.py": 1775764065.512658,
  "tests/test_batch_worker.py": 1775764058.3369043,
  "tests/test_environment.py": 1775766825.9947464,
  "market_validation/batch_worker.py": 1775766805.396416,
  "market_validation/file_pipeline.py": 1775763934.2314606,
  "market_validation/__init__.py": 1775759775.2070534,
  "market_validation/lead_pipeline.py": 1775768168.921565,
  "market_validation/environment.py": 1775766800.1979876,
  "market_validation/output_store.py": 1775766815.1775486,
  "README.md": 1775768479.0808938,
  "modes/auto-pipeline.md": 1775764034.7721336,
  "modes/validate.md": 1775758139.9392478,
  "modes/outreach-email.md": 1775764008.4279594,
  "modes/lead-qualify.md": 1775763999.4577277,
  "modes/research-ingest.md": 1775763985.837422,
  "modes/call-sheet-build.md": 1775764028.3038373,
  "modes/_shared.md": 1775763849.9867487,
  "modes/reply-parse.md": 1775764017.1796074,
  "modes/batch.md": 1775764041.6815228,
  "batch/batch-prompt.md": 1775762756.2627916,
  "data/validation-tracker.md": 1775761843.5936382
}